Date,SMA_Diff,Mov
31/12/2010,0,same
3/1/2011,0,D
4/1/2011,0,U
5/1/2011,0,U
6/1/2011,0,U
7/1/2011,0,U
10/1/2011,0,U
11/1/2011,0,D
12/1/2011,0,same
13/1/2011,0,D
14/1/2011,0,D
18/1/2011,0,D
19/1/2011,0,D
20/1/2011,0,D
21/1/2011,0,U
24/1/2011,0,U
25/1/2011,0,U
26/1/2011,0,U
27/1/2011,0,U
28/1/2011,0,D
31/1/2011,-0.009400009,U
1/2/2011,-0.020318183,D
2/2/2011,-0.033104352,U
3/2/2011,-0.04921668,D
4/2/2011,-0.077440023,D
7/2/2011,-0.11139232,D
8/2/2011,-0.145077796,U
9/2/2011,-0.167942882,D
10/2/2011,-0.19178624,U
11/2/2011,-0.209033362,U
14/2/2011,-0.222987126,D
15/2/2011,-0.237537521,D
16/2/2011,-0.229357606,U
17/2/2011,-0.211800042,D
18/2/2011,-0.200685743,D
22/2/2011,-0.210433348,D
23/2/2011,-0.223154057,D
24/2/2011,-0.234089466,U
25/2/2011,-0.242041025,U
28/2/2011,-0.239750003,U
1/3/2011,-0.23827318,U
2/3/2011,-0.234623824,U
3/3/2011,-0.229574432,U
4/3/2011,-0.218245465,U
7/3/2011,-0.205188897,D
8/3/2011,-0.189739125,D
9/3/2011,-0.188125521,U
10/3/2011,-0.177824998,D
11/3/2011,-0.167363262,U
14/3/2011,-0.162199998,D
15/3/2011,-0.148779998,D
16/3/2011,-0.133779989,D
17/3/2011,-0.137539997,D
18/3/2011,-0.128459983,U
21/3/2011,-0.112359986,D
22/3/2011,-0.084959989,D
23/3/2011,-0.056199999,U
24/3/2011,-0.039679994,U
25/3/2011,-0.031439991,U
28/3/2011,-0.025959983,U
29/3/2011,-0.018839989,U
30/3/2011,-0.014219985,D
31/3/2011,0.004800015,U
1/4/2011,0.005740023,D
4/4/2011,0.00348002,D
5/4/2011,0.015040011,U
6/4/2011,0.025500016,D
7/4/2011,0.047840009,U
8/4/2011,0.065760002,D
11/4/2011,0.080919995,D
12/4/2011,0.095719986,D
13/4/2011,0.112739982,U
14/4/2011,0.131239991,U
15/4/2011,0.149639993,U
18/4/2011,0.166359992,D
19/4/2011,0.187699981,U
20/4/2011,0.218059983,U
21/4/2011,0.248039984,U
25/4/2011,0.271759973,D
26/4/2011,0.293839975,U
27/4/2011,0.309439978,U
28/4/2011,0.329659972,U
29/4/2011,0.316679964,D
2/5/2011,0.309179964,D
3/5/2011,0.304819975,D
4/5/2011,0.285439963,D
5/5/2011,0.266499977,D
6/5/2011,0.246939974,U
9/5/2011,0.243939977,U
10/5/2011,0.256779975,U
11/5/2011,0.268459988,D
12/5/2011,0.28125998,U
13/5/2011,0.292599997,D
16/5/2011,0.296199989,D
17/5/2011,0.301419983,D
18/5/2011,0.306559982,U
19/5/2011,0.317139969,U
20/5/2011,0.313599964,D
23/5/2011,0.306899967,D
24/5/2011,0.290919957,D
25/5/2011,0.285799966,U
26/5/2011,0.277359962,U
27/5/2011,0.269899954,U
31/5/2011,0.268079963,U
1/6/2011,0.261419959,D
2/6/2011,0.255839968,U
3/6/2011,0.261059961,U
6/6/2011,0.251379967,D
7/6/2011,0.233499975,D
8/6/2011,0.205919976,D
9/6/2011,0.196619978,U
10/6/2011,0.181919985,U
13/6/2011,0.187999973,U
14/6/2011,0.200239954,U
15/6/2011,0.207879963,D
16/6/2011,0.210179973,D
17/6/2011,0.193139982,same
20/6/2011,0.178459992,D
21/6/2011,0.181399999,U
22/6/2011,0.178540001,D
23/6/2011,0.153599992,U
24/6/2011,0.123939996,D
27/6/2011,0.093760004,D
28/6/2011,0.063340021,U
29/6/2011,0.048000021,U
30/6/2011,0.035820036,U
1/7/2011,0.011640034,D
5/7/2011,0.006440048,U
6/7/2011,0.002060051,D
7/7/2011,0.016960068,U
8/7/2011,0.02194006,D
11/7/2011,0.024080062,D
12/7/2011,0.019200063,D
13/7/2011,0.014840074,U
14/7/2011,0.014780058,D
15/7/2011,0.02202004,D
18/7/2011,0.026160035,D
19/7/2011,0.041880025,U
20/7/2011,0.050360017,U
21/7/2011,0.063780012,U
22/7/2011,0.070700016,U
25/7/2011,0.076620016,D
26/7/2011,0.080220013,D
27/7/2011,0.071360001,D
28/7/2011,0.061319995,U
29/7/2011,0.044439978,same
1/8/2011,0.039659987,U
2/8/2011,0.024179978,D
3/8/2011,0.005059986,D
4/8/2011,-0.036860028,D
5/8/2011,-0.06360003,D
8/8/2011,-0.087340031,D
9/8/2011,-0.100480023,U
10/8/2011,-0.123400035,D
11/8/2011,-0.133620029,U
12/8/2011,-0.136520018,U
15/8/2011,-0.130920029,D
16/8/2011,-0.138420043,D
17/8/2011,-0.156860047,D
18/8/2011,-0.189820033,D
19/8/2011,-0.238440018,D
22/8/2011,-0.280200019,D
23/8/2011,-0.308720016,U
24/8/2011,-0.327500009,U
25/8/2011,-0.36125999,D
26/8/2011,-0.394579982,U
29/8/2011,-0.428019991,U
30/8/2011,-0.449599981,D
31/8/2011,-0.463039985,U
1/9/2011,-0.457699971,D
2/9/2011,-0.450839982,D
6/9/2011,-0.439319997,D
7/9/2011,-0.437039995,U
8/9/2011,-0.421139984,D
9/9/2011,-0.423159985,D
12/9/2011,-0.432459979,D
13/9/2011,-0.434199972,U
14/9/2011,-0.432599959,U
15/9/2011,-0.42613995,U
16/9/2011,-0.395019965,U
19/9/2011,-0.348159972,D
20/9/2011,-0.298199959,U
21/9/2011,-0.26001996,D
22/9/2011,-0.230379967,D
23/9/2011,-0.192759981,U
26/9/2011,-0.166619973,D
27/9/2011,-0.147659969,U
28/9/2011,-0.134859967,D
29/9/2011,-0.12277997,D
30/9/2011,-0.101639991,U
3/10/2011,-0.072799992,D
4/10/2011,-0.046279989,D
5/10/2011,-0.02046,U
6/10/2011,0.015759997,U
7/10/2011,0.060679994,U
10/10/2011,0.111839986,U
11/10/2011,0.151779985,D
12/10/2011,0.184539981,U
13/10/2011,0.212779966,U
14/10/2011,0.222079973,U
17/10/2011,0.22585999,D
18/10/2011,0.230359993,U
19/10/2011,0.237519989,D
20/10/2011,0.24053999,D
21/10/2011,0.246119986,U
24/10/2011,0.267459984,U
25/10/2011,0.279979987,D
26/10/2011,0.306359978,D
27/10/2011,0.341039978,U
28/10/2011,0.373399992,U
31/10/2011,0.401520004,D
1/11/2011,0.426000009,D
2/11/2011,0.436400018,D
3/11/2011,0.457040014,U
4/11/2011,0.473440027,D
7/11/2011,0.477180018,D
8/11/2011,0.490960026,U
9/11/2011,0.496760035,D
10/11/2011,0.504300036,U
11/11/2011,0.521640039,U
14/11/2011,0.539040026,D
15/11/2011,0.550980005,U
16/11/2011,0.580280009,U
17/11/2011,0.603400016,D
18/11/2011,0.610580015,D
21/11/2011,0.607160025,D
22/11/2011,0.613400021,U
23/11/2011,0.61966001,D
25/11/2011,0.621300015,U
28/11/2011,0.621160017,U
29/11/2011,0.621040006,D
30/11/2011,0.632720003,U
1/12/2011,0.644619999,D
2/12/2011,0.622339988,U
5/12/2011,0.611279989,U
6/12/2011,0.60987998,U
7/12/2011,0.601379972,D
8/12/2011,0.576279969,D
9/12/2011,0.545699983,U
12/12/2011,0.489319964,D
13/12/2011,0.428739953,D
14/12/2011,0.355259957,D
15/12/2011,0.279059958,U
16/12/2011,0.218099956,D
19/12/2011,0.166559959,D
20/12/2011,0.127879949,U
21/12/2011,0.083039941,D
22/12/2011,0.046359939,U
23/12/2011,0.008919945,U
27/12/2011,-0.03306005,U
28/12/2011,-0.069820037,D
29/12/2011,-0.111480031,U
30/12/2011,-0.155840034,D
3/1/2012,-0.211000023,D
4/1/2012,-0.27682002,D
5/1/2012,-0.348600025,D
6/1/2012,-0.416040015,D
9/1/2012,-0.449520016,U
10/1/2012,-0.479160022,U
11/1/2012,-0.494400015,U
12/1/2012,-0.501920004,U
13/1/2012,-0.534959994,D
17/1/2012,-0.546719985,U
18/1/2012,-0.536019979,U
19/1/2012,-0.523719983,D
20/1/2012,-0.51803997,D
23/1/2012,-0.505759964,U
24/1/2012,-0.49541995,U
25/1/2012,-0.481279955,U
26/1/2012,-0.45877996,U
27/1/2012,-0.43501996,U
30/1/2012,-0.409179954,U
31/1/2012,-0.380599947,D
1/2/2012,-0.349199958,U
2/2/2012,-0.314399943,U
3/2/2012,-0.271659927,U
6/2/2012,-0.221679921,U
7/2/2012,-0.178779907,D
8/2/2012,-0.136759916,U
9/2/2012,-0.093339915,U
10/2/2012,-0.062239929,D
13/2/2012,0.02976006,U
14/2/2012,0.093180047,U
15/2/2012,0.159880038,U
16/2/2012,0.235040021,U
17/2/2012,0.31834001,U
21/2/2012,0.394400006,D
22/2/2012,0.44907999,D
23/2/2012,0.500720005,U
24/2/2012,0.535459995,D
27/2/2012,0.561679983,D
28/2/2012,0.582959981,U
29/2/2012,0.607199979,D
1/3/2012,0.629859982,U
2/3/2012,0.642599979,D
5/3/2012,0.645319981,D
6/3/2012,0.63625998,D
7/3/2012,0.630059971,U
8/3/2012,0.620779958,D
9/3/2012,0.617699971,U
12/3/2012,0.636799988,U
13/3/2012,0.65335999,U
14/3/2012,0.647639999,D
15/3/2012,0.633960014,D
16/3/2012,0.614920015,U
19/3/2012,0.583580008,D
20/3/2012,0.555980005,D
21/3/2012,0.533680015,U
22/3/2012,0.505260014,D
23/3/2012,0.485160013,D
26/3/2012,0.486360016,U
27/3/2012,0.467060009,U
28/3/2012,0.466460009,D
29/3/2012,0.453580013,D
30/3/2012,0.443660011,D
2/4/2012,0.431840005,D
3/4/2012,0.435880003,U
4/4/2012,0.424360003,D
5/4/2012,0.412420005,D
9/4/2012,0.379680013,D
10/4/2012,0.331660014,D
11/4/2012,0.287580018,U
12/4/2012,0.251600022,U
13/4/2012,0.221460018,U
16/4/2012,0.18276001,D
17/4/2012,0.151000018,D
18/4/2012,0.124560018,U
19/4/2012,0.09842001,U
20/4/2012,0.081100006,same
23/4/2012,0.062260003,D
24/4/2012,0.003579993,D
25/4/2012,-0.052400007,U
26/4/2012,-0.097280021,U
27/4/2012,-0.136140023,D
30/4/2012,-0.173040023,D
1/5/2012,-0.196280021,U
2/5/2012,-0.234740029,U
3/5/2012,-0.253100029,D
4/5/2012,-0.268800015,D
7/5/2012,-0.270480022,U
8/5/2012,-0.279460025,D
9/5/2012,-0.294760022,D
10/5/2012,-0.297760029,U
11/5/2012,-0.302520032,D
14/5/2012,-0.308500018,D
15/5/2012,-0.319240007,D
16/5/2012,-0.338320007,D
17/5/2012,-0.366019997,D
18/5/2012,-0.399979997,D
21/5/2012,-0.407799993,U
22/5/2012,-0.397159987,U
23/5/2012,-0.395779977,U
24/5/2012,-0.407839966,D
25/5/2012,-0.42237998,D
29/5/2012,-0.422259979,U
30/5/2012,-0.437679992,D
31/5/2012,-0.460239992,D
1/6/2012,-0.47533999,D
4/6/2012,-0.48875999,D
5/6/2012,-0.509679995,U
6/6/2012,-0.486660003,U
7/6/2012,-0.461920019,D
8/6/2012,-0.459640021,U
11/6/2012,-0.458100014,D
12/6/2012,-0.431780014,U
13/6/2012,-0.401140022,U
14/6/2012,-0.364560022,D
15/6/2012,-0.330800038,U
18/6/2012,-0.277440042,U
19/6/2012,-0.240000043,U
20/6/2012,-0.215480032,U
21/6/2012,-0.200180026,D
22/6/2012,-0.166480035,U
25/6/2012,-0.131560025,D
26/6/2012,-0.129800019,D
27/6/2012,-0.113180003,U
28/6/2012,-0.089080004,D
29/6/2012,-0.050200014,D
2/7/2012,-0.013960028,D
3/7/2012,0.018659983,U
5/7/2012,0.04111998,U
6/7/2012,0.069399986,D
9/7/2012,0.091499992,U
10/7/2012,0.121280008,D
11/7/2012,0.146259999,U
12/7/2012,0.179879999,U
13/7/2012,0.227240009,U
16/7/2012,0.273740015,U
17/7/2012,0.28276002,D
18/7/2012,0.284640002,D
19/7/2012,0.261220002,U
20/7/2012,0.250299988,D
23/7/2012,0.228199992,D
24/7/2012,0.205139975,D
25/7/2012,0.182979975,D
26/7/2012,0.149879965,D
27/7/2012,0.129559961,U
30/7/2012,0.095039963,D
31/7/2012,0.065799976,U
1/8/2012,0.031779981,D
2/8/2012,-0.000720019,D
3/8/2012,-0.022920017,U
6/8/2012,-0.047080012,U
7/8/2012,-0.059040017,U
8/8/2012,-0.072840028,D
9/8/2012,-0.101740031,U
10/8/2012,-0.146600027,U
13/8/2012,-0.206580014,U
14/8/2012,-0.252040019,D
15/8/2012,-0.285500011,D
16/8/2012,-0.309520016,U
17/8/2012,-0.331640014,D
20/8/2012,-0.340860018,D
21/8/2012,-0.348120017,D
22/8/2012,-0.339280018,U
23/8/2012,-0.317120018,U
24/8/2012,-0.317660017,D
27/8/2012,-0.301600008,D
28/8/2012,-0.27630002,U
29/8/2012,-0.239980011,D
30/8/2012,-0.195399995,same
31/8/2012,-0.168219991,U
4/9/2012,-0.14691999,D
5/9/2012,-0.14934,D
6/9/2012,-0.142499991,U
7/9/2012,-0.132659989,U
10/9/2012,-0.142199984,D
11/9/2012,-0.161939998,U
12/9/2012,-0.164859986,U
13/9/2012,-0.159339996,U
14/9/2012,-0.155079994,U
17/9/2012,-0.135979991,U
18/9/2012,-0.117079987,D
19/9/2012,-0.096799984,D
20/9/2012,-0.084859977,D
21/9/2012,-0.081239967,D
24/9/2012,-0.055279975,U
25/9/2012,-0.028679977,D
26/9/2012,-0.016939974,D
27/9/2012,-0.001499987,U
28/9/2012,0.019160003,U
1/10/2012,0.036079993,D
2/10/2012,0.056120004,U
3/10/2012,0.071880016,D
4/10/2012,0.078580017,U
5/10/2012,0.070940017,D
8/10/2012,0.090780015,U
9/10/2012,0.092400007,D
10/10/2012,0.089679999,U
11/10/2012,0.069800005,D
12/10/2012,0.036139994,D
15/10/2012,-0.016199999,D
16/10/2012,-0.04816001,U
17/10/2012,-0.06474001,U
18/10/2012,-0.08914001,D
19/10/2012,-0.105260024,D
22/10/2012,-0.125000019,U
23/10/2012,-0.106580019,U
24/10/2012,-0.099780011,D
25/10/2012,-0.101960001,U
26/10/2012,-0.109280004,D
31/10/2012,-0.112059999,U
1/11/2012,-0.116520005,U
2/11/2012,-0.119560013,D
5/11/2012,-0.104760017,U
6/11/2012,-0.083840012,D
7/11/2012,-0.069100003,U
8/11/2012,-0.051659989,D
9/11/2012,-0.038979978,D
12/11/2012,-0.022119971,U
13/11/2012,0.00478004,U
14/11/2012,0.033840037,D
15/11/2012,0.050720034,D
16/11/2012,0.065320034,U
19/11/2012,0.096640048,U
20/11/2012,0.13464005,U
21/11/2012,0.16044004,D
23/11/2012,0.180520043,D
26/11/2012,0.213060035,U
27/11/2012,0.24868002,D
28/11/2012,0.295820026,U
29/11/2012,0.346820026,U
30/11/2012,0.382600031,U
3/12/2012,0.425320029,U
4/12/2012,0.437320023,D
5/12/2012,0.448160028,D
6/12/2012,0.45880003,U
7/12/2012,0.46136003,U
10/12/2012,0.475740023,U
11/12/2012,0.490680017,U
12/12/2012,0.503260016,D
13/12/2012,0.507760015,D
14/12/2012,0.521620016,U
17/12/2012,0.526820021,U
18/12/2012,0.522760024,U
19/12/2012,0.515980024,U
20/12/2012,0.514860029,D
21/12/2012,0.511040025,D
24/12/2012,0.50762002,U
26/12/2012,0.500940027,D
27/12/2012,0.481340027,U
28/12/2012,0.453080034,D
31/12/2012,0.430340043,U
2/1/2013,0.411580053,U
3/1/2013,0.393360038,D
4/1/2013,0.373620033,D
7/1/2013,0.352060028,D
8/1/2013,0.326000023,D
9/1/2013,0.291820031,D
10/1/2013,0.250280017,D
11/1/2013,0.204660005,D
14/1/2013,0.180639997,U
15/1/2013,0.162939997,U
16/1/2013,0.139219995,U
17/1/2013,0.125599985,U
18/1/2013,0.111219983,U
22/1/2013,0.10421998,U
23/1/2013,0.105459967,U
24/1/2013,0.105879965,U
25/1/2013,0.11613997,D
28/1/2013,0.133859973,U
29/1/2013,0.154879975,D
30/1/2013,0.164579973,D
31/1/2013,0.163399969,D
1/2/2013,0.177179966,U
4/2/2013,0.191619954,D
5/2/2013,0.206879949,U
6/2/2013,0.233619953,U
7/2/2013,0.263179941,U
8/2/2013,0.291919947,D
11/2/2013,0.326259957,D
12/2/2013,0.355759959,D
13/2/2013,0.382739949,U
14/2/2013,0.409839931,D
15/2/2013,0.423879938,D
19/2/2013,0.449199948,U
20/2/2013,0.464139953,D
21/2/2013,0.451779966,D
22/2/2013,0.436819982,U
25/2/2013,0.414419989,D
26/2/2013,0.381739998,U
27/2/2013,0.347279992,U
28/2/2013,0.316299987,D
1/3/2013,0.286699992,D
4/3/2013,0.255540009,U
5/3/2013,0.236480012,U
6/3/2013,0.219040022,U
7/3/2013,0.192720017,U
8/3/2013,0.165860014,U
11/3/2013,0.142420015,U
12/3/2013,0.127700009,U
13/3/2013,0.115560007,D
14/3/2013,0.087640005,D
15/3/2013,0.058120017,D
18/3/2013,0.037700024,D
19/3/2013,-0.007019978,D
20/3/2013,-0.039359984,U
21/3/2013,-0.040179983,U
22/3/2013,-0.046999989,U
25/3/2013,-0.031499987,U
26/3/2013,-0.016999998,U
27/3/2013,-0.005999999,U
28/3/2013,0.008640004,D
1/4/2013,0.062120023,U
2/4/2013,0.109880013,U
3/4/2013,0.128060022,D
4/4/2013,0.143980031,U
5/4/2013,0.153900037,D
8/4/2013,0.168140049,U
9/4/2013,0.16806005,D
10/4/2013,0.180140047,U
11/4/2013,0.203680062,U
12/4/2013,0.247760072,U
15/4/2013,0.30470006,D
16/4/2013,0.379940048,U
17/4/2013,0.45280006,D
18/4/2013,0.527640056,U
19/4/2013,0.611200052,U
22/4/2013,0.704060059,U
23/4/2013,0.791780047,U
24/4/2013,0.86944006,D
25/4/2013,0.951400051,U
26/4/2013,1.033500042,D
29/4/2013,1.076920023,U
30/4/2013,1.105620032,D
1/5/2013,1.171420021,D
2/5/2013,1.230139989,U
3/5/2013,1.284379978,U
6/5/2013,1.367519961,U
7/5/2013,1.433099947,D
8/5/2013,1.486959967,U
9/5/2013,1.607859944,U
10/5/2013,1.770239951,U
13/5/2013,2.002639938,U
14/5/2013,2.188499968,D
15/5/2013,2.389639968,U
16/5/2013,2.624199995,U
17/5/2013,2.847819968,D
20/5/2013,3.03943999,D
21/5/2013,3.21128,D
22/5/2013,3.38689997,D
23/5/2013,3.57919997,U
24/5/2013,3.79707999,U
28/5/2013,4.05082,U
29/5/2013,4.2793,D
30/5/2013,4.51651999,U
31/5/2013,4.70578001,D
3/6/2013,4.85986001,D
4/6/2013,4.98038004,U
5/6/2013,5.14762001,U
6/6/2013,5.32525999,U
7/6/2013,5.39614002,U
10/6/2013,5.38040001,D
11/6/2013,5.24494002,D
12/6/2013,5.17627997,U
13/6/2013,5.08135994,U
14/6/2013,4.9286999,U
17/6/2013,4.79237995,U
18/6/2013,4.68063989,U
19/6/2013,4.59481995,U
20/6/2013,4.49375992,D
21/6/2013,4.33811995,D
24/6/2013,4.15125994,U
25/6/2013,3.83555992,U
26/6/2013,3.60593987,U
27/6/2013,3.39373989,U
28/6/2013,3.24817989,D
1/7/2013,3.21667993,U
2/7/2013,3.17595989,U
3/7/2013,3.11773993,D
5/7/2013,3.06649995,U
8/7/2013,2.98375992,U
9/7/2013,2.92875992,U
10/7/2013,2.93743998,D
11/7/2013,2.92976,U
12/7/2013,2.94048,U
15/7/2013,2.91748001,D
16/7/2013,2.76797997,D
17/7/2013,2.69357996,U
18/7/2013,2.58299992,D
19/7/2013,2.51773998,U
22/7/2013,2.53441999,U
23/7/2013,2.56299999,U
24/7/2013,2.62040001,D
25/7/2013,2.64058005,U
26/7/2013,2.66378004,U
29/7/2013,2.76690004,U
30/7/2013,2.75153997,D
31/7/2013,2.73878006,U
1/8/2013,2.75004005,U
2/8/2013,2.72610008,U
5/8/2013,2.74900007,U
6/8/2013,2.75572006,D
7/8/2013,2.77972006,D
8/8/2013,2.86302005,U
9/8/2013,2.90182009,D
12/8/2013,2.9045401,D
13/8/2013,3.05698013,D
14/8/2013,3.07000017,D
15/8/2013,3.09920017,U
16/8/2013,3.14380011,U
19/8/2013,3.1970601,U
20/8/2013,3.26734011,U
21/8/2013,3.31538009,D
22/8/2013,3.40820013,U
23/8/2013,3.47806011,U
26/8/2013,3.51838017,U
27/8/2013,3.61184021,U
28/8/2013,3.68130018,D
29/8/2013,3.74088022,D
30/8/2013,3.77748016,U
3/9/2013,3.74252006,D
4/9/2013,3.75070007,U
5/9/2013,3.83758003,D
6/9/2013,3.72748009,D
9/9/2013,3.59868006,D
10/9/2013,3.55254002,U
11/9/2013,3.54807996,D
12/9/2013,3.61533997,U
13/9/2013,3.67284002,U
16/9/2013,3.73268009,U
17/9/2013,3.76750008,D
18/9/2013,3.76282006,D
19/9/2013,3.84082002,U
20/9/2013,3.87260006,U
23/9/2013,3.86046005,D
24/9/2013,3.82127995,U
25/9/2013,3.69881992,U
26/9/2013,3.64715988,U
27/9/2013,3.60807979,U
30/9/2013,3.55701984,U
1/10/2013,3.51533989,D
2/10/2013,3.38579983,D
3/10/2013,3.21315979,D
4/10/2013,3.1256197,U
7/10/2013,3.13459969,U
8/10/2013,3.05775974,D
9/10/2013,2.96219982,D
10/10/2013,2.8875998,U
11/10/2013,2.84659977,U
14/10/2013,2.81111969,U
15/10/2013,2.83117973,U
16/10/2013,2.83893982,D
17/10/2013,2.6934599,D
18/10/2013,2.57387981,U
21/10/2013,2.41037983,D
22/10/2013,2.20583981,D
23/10/2013,1.92215984,D
24/10/2013,1.63209984,U
25/10/2013,1.2997398,D
28/10/2013,0.91119976,D
29/10/2013,0.54761986,U
30/10/2013,0.29175993,D
31/10/2013,0.10974003,U
1/11/2013,-0.09863998,U
4/11/2013,-0.23077988,U
5/11/2013,-0.26033982,U
6/11/2013,-0.37313982,D
7/11/2013,-0.59801971,D
8/11/2013,-0.89307976,D
11/11/2013,-1.14607977,U
12/11/2013,-1.48291973,D
13/11/2013,-1.80383982,U
14/11/2013,-2.12651988,D
15/11/2013,-2.47993986,D
18/11/2013,-2.8336599,D
19/11/2013,-3.12703985,U
20/11/2013,-3.39129995,D
21/11/2013,-3.73048,U
22/11/2013,-4.03663996,D
25/11/2013,-4.27387987,D
26/11/2013,-4.53065994,D
27/11/2013,-4.69633993,U
29/11/2013,-4.82038,U
2/12/2013,-4.96349989,D
3/12/2013,-5.12285992,U
4/12/2013,-5.32793987,D
5/12/2013,-5.25569986,U
6/12/2013,-5.07467987,D
9/12/2013,-4.84097988,U
10/12/2013,-4.66135992,U
11/12/2013,-4.42945991,D
12/12/2013,-4.20783995,U
13/12/2013,-4.00469998,U
16/12/2013,-3.74764002,U
17/12/2013,-3.31640004,U
18/12/2013,-2.99050005,D
19/12/2013,-2.68216007,D
20/12/2013,-2.35200008,U
23/12/2013,-1.98970003,U
24/12/2013,-1.57076001,U
26/12/2013,-1.10700005,U
27/12/2013,-0.73544,D
30/12/2013,-0.36239992,U
31/12/2013,0.03208011,D
2/1/2014,0.17608011,D
3/1/2014,0.37010006,D
6/1/2014,0.50530004,D
7/1/2014,0.72046005,U
8/1/2014,0.89078006,U
9/1/2014,1.00550006,D
10/1/2014,1.14120004,D
13/1/2014,1.13942007,D
14/1/2014,1.2703001,U
15/1/2014,1.4243601,U
16/1/2014,1.62638011,U
17/1/2014,1.87388003,D
21/1/2014,2.13140003,U
22/1/2014,2.32944006,U
23/1/2014,2.53474009,U
24/1/2014,2.64704006,D
27/1/2014,2.66096003,D
28/1/2014,2.77483994,U
29/1/2014,2.85221995,D
30/1/2014,2.98675995,U
31/1/2014,3.06053997,D
3/2/2014,3.13195998,D
4/2/2014,3.21877994,U
5/2/2014,3.26009992,D
6/2/2014,3.30309984,U
7/2/2014,3.43033979,U
10/2/2014,3.63449985,U
11/2/2014,3.9285799,U
12/2/2014,3.99691978,D
13/2/2014,4.05007973,U
14/2/2014,4.10855972,D
18/2/2014,4.18645985,U
19/2/2014,4.14341995,D
20/2/2014,4.16707985,U
21/2/2014,4.17607982,D
24/2/2014,4.30473987,U
25/2/2014,4.65513985,U
26/2/2014,4.97921986,U
27/2/2014,5.33275978,D
28/2/2014,5.56497978,D
3/3/2014,5.86407971,U
4/3/2014,6.21393963,U
5/3/2014,6.50547974,D
6/3/2014,6.85187984,U
7/3/2014,7.11953991,D
10/3/2014,7.29291996,D
11/3/2014,7.35577995,D
12/3/2014,7.44299991,U
13/3/2014,7.52629994,D
14/3/2014,7.51754002,D
17/3/2014,7.53952007,U
18/3/2014,7.54099998,U
19/3/2014,7.60763992,D
20/3/2014,7.5148399,D
21/3/2014,7.39729999,D
24/3/2014,7.13194008,D
25/3/2014,6.55746017,U
26/3/2014,5.86258022,D
27/3/2014,5.22618031,D
28/3/2014,4.70882019,U
31/3/2014,4.13780017,D
1/4/2014,3.57126026,U
2/4/2014,3.13312012,U
3/4/2014,2.67036015,D
4/4/2014,2.20764008,D
7/4/2014,1.76276001,D
8/4/2014,1.38989998,U
9/4/2014,0.99009998,U
10/4/2014,0.53826011,D
11/4/2014,0.18260014,D
14/4/2014,-0.2430199,D
15/4/2014,-0.77151982,D
16/4/2014,-1.22033985,U
17/4/2014,-1.68303978,D
21/4/2014,-2.03213982,U
22/4/2014,-2.17587983,U
23/4/2014,-2.34609989,D
24/4/2014,-2.44205986,D
25/4/2014,-2.53487988,D
28/4/2014,-2.66899986,D
29/4/2014,-2.71905983,U
30/4/2014,-2.82661988,U
1/5/2014,-3.10857975,D
2/5/2014,-3.25723988,U
5/5/2014,-3.24147992,U
6/5/2014,-3.20239998,D
7/5/2014,-3.15689994,D
8/5/2014,-3.24266011,D
9/5/2014,-3.18084019,U
12/5/2014,-3.13138024,U
13/5/2014,-2.9690802,U
14/5/2014,-2.74510029,U
15/5/2014,-2.59402024,D
16/5/2014,-2.41410023,U
19/5/2014,-2.29652024,U
20/5/2014,-2.35576019,D
21/5/2014,-2.30132019,U
22/5/2014,-2.18468006,U
23/5/2014,-1.98822018,U
27/5/2014,-1.78008015,U
28/5/2014,-1.65192006,D
29/5/2014,-1.50922,same
30/5/2014,-1.39654007,D
2/6/2014,-1.3378001,D
3/6/2014,-1.35870006,U
4/6/2014,-1.32688011,D
5/6/2014,-1.21722008,U
6/6/2014,-0.90226005,U
9/6/2014,-0.66372001,D
10/6/2014,-0.44713997,D
11/6/2014,-0.28812004,U
12/6/2014,-0.10532009,D
13/6/2014,0.16845997,U
16/6/2014,0.50212002,U
17/6/2014,0.78016006,U
18/6/2014,1.01996003,D
19/6/2014,1.25403999,U
20/6/2014,1.45049992,U
23/6/2014,1.61757999,U
24/6/2014,1.71209999,D
25/6/2014,1.82339992,U
26/6/2014,1.91023991,D
27/6/2014,2.06333984,U
30/6/2014,2.24917995,U
1/7/2014,2.45562001,D
2/7/2014,2.66686005,D
3/7/2014,2.80531994,D
7/7/2014,2.89102001,D
8/7/2014,2.95174,D
9/7/2014,3.06114003,U
10/7/2014,3.1608799,D
11/7/2014,3.26601993,D
14/7/2014,3.39293995,U
15/7/2014,3.3079599,D
16/7/2014,3.16065987,D
17/7/2014,3.01097996,D
18/7/2014,2.85860009,U
21/7/2014,2.60030014,U
22/7/2014,2.27462013,D
23/7/2014,2.02324013,U
24/7/2014,1.75622025,U
25/7/2014,1.50412033,U
28/7/2014,1.21680031,U
29/7/2014,0.93250023,U
30/7/2014,0.6931802,U
31/7/2014,0.51988014,D
1/8/2014,0.42480019,U
4/8/2014,0.4488401,U
5/8/2014,0.51828018,D
6/8/2014,0.62750019,U
7/8/2014,0.7882003,U
8/8/2014,0.93664032,D
11/8/2014,1.05664028,U
12/8/2014,1.23940025,U
13/8/2014,1.44942028,U
14/8/2014,1.67966023,U
15/8/2014,1.87912018,U
18/8/2014,2.06604004,D
19/8/2014,2.23204006,D
20/8/2014,2.35059994,D
21/8/2014,2.45911995,D
22/8/2014,2.57817986,U
25/8/2014,2.73095978,U
26/8/2014,2.94973984,D
27/8/2014,3.16671986,U
28/8/2014,3.42535984,U
29/8/2014,3.62201981,U
2/9/2014,3.85989991,U
3/9/2014,4.11101978,D
4/9/2014,4.26795982,U
5/9/2014,4.35595977,D
8/9/2014,4.50971981,U
9/9/2014,4.54363987,D
10/9/2014,4.5908799,U
11/9/2014,4.6285199,D
12/9/2014,4.60763988,D
15/9/2014,4.42769981,D
16/9/2014,4.28337986,U
17/9/2014,4.16033981,U
18/9/2014,4.07839988,U
19/9/2014,3.9687598,D
22/9/2014,3.77365986,D
23/9/2014,3.55741997,U
24/9/2014,3.33118004,U
25/9/2014,3.04901993,D
26/9/2014,2.75161999,D
29/9/2014,2.40626004,D
30/9/2014,1.90329998,D
1/10/2014,1.41116005,D
2/10/2014,0.94924008,U
3/10/2014,0.60076005,U
6/10/2014,0.23766003,U
7/10/2014,-0.09043988,D
8/10/2014,-0.44571999,D
9/10/2014,-0.79107998,D
10/10/2014,-1.26841999,D
13/10/2014,-1.52639999,D
14/10/2014,-1.81736,U
15/10/2014,-2.09900005,U
16/10/2014,-2.38338005,D
17/10/2014,-2.60214001,U
20/10/2014,-2.72709999,U
21/10/2014,-2.78188003,U
22/10/2014,-2.87684005,D
23/10/2014,-2.89336006,U
24/10/2014,-2.90240002,D
27/10/2014,-2.97693992,D
28/10/2014,-2.90735988,U
29/10/2014,-2.85411992,D
30/10/2014,-2.91352001,U
31/10/2014,-2.99806,U
3/11/2014,-3.1216,U
4/11/2014,-3.23352012,D
5/11/2014,-3.39354008,D
6/11/2014,-3.46332008,U
7/11/2014,-3.33578007,D
10/11/2014,-3.05130002,U
11/11/2014,-2.67893993,U
12/11/2014,-2.3565799,D
13/11/2014,-1.96571991,U
14/11/2014,-1.57887981,U
17/11/2014,-1.23125984,D
18/11/2014,-0.92453987,U
19/11/2014,-0.6246999,D
20/11/2014,-0.36409981,U
21/11/2014,-0.14301983,D
24/11/2014,0.13604023,U
25/11/2014,0.23984017,U
26/11/2014,0.39500023,U
28/11/2014,0.53080028,D
1/12/2014,0.54092022,D
2/12/2014,0.50372013,D
3/12/2014,0.4918602,D
4/12/2014,0.56040016,D
5/12/2014,0.4782602,D
8/12/2014,0.34882019,D
9/12/2014,0.21190002,U
10/12/2014,-0.06914001,D
11/12/2014,-0.34589996,D
12/12/2014,-0.61521992,D
15/12/2014,-0.95693996,D
16/12/2014,-1.26740002,D
17/12/2014,-1.57119999,U
18/12/2014,-1.70192002,U
19/12/2014,-1.84523998,U
22/12/2014,-1.98979996,U
23/12/2014,-2.23282005,D
24/12/2014,-2.47192009,U
26/12/2014,-2.67060013,U
29/12/2014,-2.85614014,D
30/12/2014,-2.92924015,D
31/12/2014,-2.98720013,U
2/1/2015,-3.02298016,D
5/1/2015,-3.12084,D
6/1/2015,-3.14910003,U
7/1/2015,-3.08604015,D
8/1/2015,-3.10454006,D
9/1/2015,-2.99189995,D
12/1/2015,-2.91503997,D
13/1/2015,-2.80490013,U
14/1/2015,-2.72236012,D
15/1/2015,-2.57888009,D
16/1/2015,-2.52294022,U
20/1/2015,-2.63008018,D
21/1/2015,-2.67868031,U
22/1/2015,-2.73416027,U
23/1/2015,-2.76840027,D
26/1/2015,-2.74738022,U
27/1/2015,-2.79330021,D
28/1/2015,-2.84738011,D
29/1/2015,-2.80376003,U
30/1/2015,-2.79033989,D
2/2/2015,-2.68699985,U
3/2/2015,-2.4867799,U
4/2/2015,-2.29343995,U
5/2/2015,-2.10587982,U
6/2/2015,-1.92103981,D
9/2/2015,-1.69039989,U
10/2/2015,-1.42099999,D
11/2/2015,-1.20861988,D
12/2/2015,-0.9916798,D
13/2/2015,-0.76203979,U
17/2/2015,-0.54943973,U
18/2/2015,-0.3288599,U
19/2/2015,-0.12945988,U
20/2/2015,0.01444011,U
23/2/2015,0.11314007,D
24/2/2015,0.11165993,D
25/2/2015,0.10993996,D
26/2/2015,0.18737996,U
27/2/2015,0.17157985,D
2/3/2015,0.11079979,D
3/3/2015,0.02203979,U
4/3/2015,-0.07388027,U
5/3/2015,-0.1784402,D
6/3/2015,-0.33466026,D
9/3/2015,-0.4791003,D
10/3/2015,-0.62294025,D
11/3/2015,-0.71212021,U
12/3/2015,-0.79086029,D
13/3/2015,-0.79866032,D
16/3/2015,-0.77252045,U
17/3/2015,-0.77040043,D
18/3/2015,-0.77038036,U
19/3/2015,-0.86846028,D
20/3/2015,-1.00728032,U
23/3/2015,-1.04042027,U
24/3/2015,-1.04456013,U
25/3/2015,-1.10752002,D
26/3/2015,-1.21996002,D
27/3/2015,-1.37260003,D
30/3/2015,-1.43500003,U
31/3/2015,-1.52569996,D
1/4/2015,-1.65683983,D
2/4/2015,-1.7308598,U
6/4/2015,-1.64457985,U
7/4/2015,-1.52871975,U
8/4/2015,-1.35969967,U
9/4/2015,-1.21263969,U
10/4/2015,-1.06045971,U
13/4/2015,-0.86777965,D
14/4/2015,-0.76561958,D
15/4/2015,-0.62217948,U
16/4/2015,-0.51563938,D
17/4/2015,-0.3571994,U
20/4/2015,-0.22241939,D
21/4/2015,-0.09281933,U
22/4/2015,0.07654057,U
23/4/2015,0.31030056,D
24/4/2015,0.56798057,D
27/4/2015,0.91880062,U
28/4/2015,1.21106075,D
29/4/2015,1.5354607,U
30/4/2015,1.83370056,D
1/5/2015,2.12672054,D
4/5/2015,2.34722065,U
5/5/2015,2.54178054,U
6/5/2015,2.66410046,D
7/5/2015,2.79904037,U
8/5/2015,2.93846031,D
11/5/2015,3.09096019,U
12/5/2015,3.27412022,U
13/5/2015,3.45314014,D
14/5/2015,3.66050011,U
15/5/2015,3.88816006,U
18/5/2015,4.10348003,D
19/5/2015,4.25574005,D
20/5/2015,4.28871998,D
21/5/2015,4.35139996,U
22/5/2015,4.41775997,U
26/5/2015,4.34173992,D
27/5/2015,4.30431988,D
28/5/2015,4.2674398,U
29/5/2015,4.31457981,D
1/6/2015,4.33357975,D
2/6/2015,4.31089965,D
3/6/2015,4.27385963,U
4/6/2015,4.25195968,D
5/6/2015,4.15599964,U
8/6/2015,4.08927971,U
9/6/2015,3.9703798,D
10/6/2015,3.78945965,D
11/6/2015,3.62119965,U
12/6/2015,3.43469971,D
15/6/2015,3.21257965,D
16/6/2015,3.05619965,U
17/6/2015,2.96025962,U
18/6/2015,2.91877964,U
19/6/2015,2.87799961,U
22/6/2015,2.80303955,D
23/6/2015,2.77357956,U
24/6/2015,2.72013958,D
25/6/2015,2.64969955,U
26/6/2015,2.57103954,D
29/6/2015,2.47581959,D
30/6/2015,2.4229597,U
1/7/2015,2.38559975,U
2/7/2015,2.4842799,U
6/7/2015,2.54559997,D
7/7/2015,2.46370003,D
8/7/2015,2.35966003,D
9/7/2015,2.32210006,U
10/7/2015,2.29270008,U
13/7/2015,2.26296002,U
14/7/2015,2.25718006,U
15/7/2015,2.22686001,D
16/7/2015,2.15463993,U
17/7/2015,2.10541996,U
20/7/2015,2.12108002,U
21/7/2015,2.07023999,D
22/7/2015,1.95871998,U
23/7/2015,1.88917995,D
24/7/2015,1.76646004,D
27/7/2015,1.5900201,D
28/7/2015,1.55410019,U
29/7/2015,1.44942017,D
30/7/2015,1.34722015,U
31/7/2015,1.12132004,D
3/8/2015,0.86654007,D
4/8/2015,0.77634011,U
5/8/2015,0.83736012,U
6/8/2015,0.72466018,D
7/8/2015,0.59402008,D
10/8/2015,0.42246014,D
11/8/2015,0.18798005,D
12/8/2015,-0.02099995,U
13/8/2015,-0.2367799,U
14/8/2015,-0.54079987,U
17/8/2015,-0.83689984,U
18/8/2015,-0.91511982,U
19/8/2015,-1.03831989,D
20/8/2015,-1.25443981,D
21/8/2015,-1.51827983,D
24/8/2015,-1.73239994,D
25/8/2015,-2.05889996,U
26/8/2015,-2.33557999,U
27/8/2015,-2.50390007,U
28/8/2015,-2.62696011,U
31/8/2015,-2.68246018,U
1/9/2015,-2.87432015,D
2/9/2015,-3.01880024,U
3/9/2015,-2.94600036,D
4/9/2015,-2.84436028,D
8/9/2015,-2.69838036,U
9/9/2015,-2.53054027,U
10/9/2015,-2.34832024,D
11/9/2015,-2.19538014,U
14/9/2015,-1.98766014,U
15/9/2015,-1.89726017,U
16/9/2015,-1.85944019,U
17/9/2015,-1.8196801,D
18/9/2015,-1.64608013,D
21/9/2015,-1.33198006,U
22/9/2015,-0.9064,D
23/9/2015,-0.47773994,U
24/9/2015,-0.09485988,U
25/9/2015,0.08342011,D
28/9/2015,0.18784015,D
29/9/2015,0.30618019,D
30/9/2015,0.47736012,U
1/10/2015,0.51122029,D
2/10/2015,0.60974033,U
5/10/2015,0.72898026,D
6/10/2015,0.70808033,D
7/10/2015,0.67002022,D
8/10/2015,0.60082031,D
9/10/2015,0.48972035,D
12/10/2015,0.31590035,D
13/10/2015,0.13566029,U
14/10/2015,-0.12043976,D
15/10/2015,-0.33275978,U
16/10/2015,-0.59237976,U
19/10/2015,-0.89573982,U
20/10/2015,-1.26239982,D
21/10/2015,-1.66297989,D
22/10/2015,-2.07117989,U
23/10/2015,-2.41569988,D
26/10/2015,-2.63583996,U
27/10/2015,-2.82028004,D
28/10/2015,-2.98364006,U
29/10/2015,-3.09166015,D
30/10/2015,-3.35706009,D
2/11/2015,-3.6127401,U
3/11/2015,-3.90176018,D
4/11/2015,-3.95146007,U
5/11/2015,-3.92868019,U
6/11/2015,-3.76946022,U
9/11/2015,-3.57936024,D
10/11/2015,-3.47662018,D
11/11/2015,-3.37642006,U
12/11/2015,-3.32112011,D
13/11/2015,-3.36580017,D
16/11/2015,-3.3932201,U
17/11/2015,-3.24684009,D
18/11/2015,-3.02568012,U
19/11/2015,-2.81816021,U
20/11/2015,-2.58804028,D
23/11/2015,-2.42138019,D
24/11/2015,-2.20110012,U
25/11/2015,-1.90386001,U
27/11/2015,-1.58222004,U
30/11/2015,-1.22748017,D
1/12/2015,-0.88544014,U
2/12/2015,-0.53324009,D
3/12/2015,-0.40904007,U
4/12/2015,-0.29198005,D
7/12/2015,-0.20116001,U
8/12/2015,-0.10042004,D
9/12/2015,0.06830002,D
10/12/2015,0.23351998,U
11/12/2015,0.36575993,D
14/12/2015,0.59561992,U
15/12/2015,0.76365989,U
16/12/2015,0.99655994,U
17/12/2015,1.11403992,D
18/12/2015,1.18567989,D
21/12/2015,1.26369999,U
22/12/2015,1.3282201,D
23/12/2015,1.40091995,D
24/12/2015,1.35545982,U
28/12/2015,1.29829994,D
29/12/2015,1.32688004,U
30/12/2015,1.29592002,U
31/12/2015,1.26820004,U
4/1/2016,1.12192005,D
5/1/2016,1.0055801,U
6/1/2016,0.84487999,D
7/1/2016,0.7326199,D
8/1/2016,0.59481994,D
11/1/2016,0.42305984,D
12/1/2016,0.35919987,U
13/1/2016,0.20297992,D
14/1/2016,0.08431999,U
15/1/2016,-0.19744003,D
19/1/2016,-0.37650009,D
20/1/2016,-0.56181999,D
21/1/2016,-0.75816006,U
22/1/2016,-0.94104016,U
25/1/2016,-1.19376007,D
26/1/2016,-1.4617799,D
27/1/2016,-1.77109996,D
28/1/2016,-2.17604,U
29/1/2016,-2.55249996,U
1/2/2016,-2.91495991,U
2/2/2016,-3.16809986,D
3/2/2016,-3.47431991,D
4/2/2016,-3.73269981,U
5/2/2016,-4.04259987,D
8/2/2016,-4.39165989,D
9/2/2016,-4.66209986,U
10/2/2016,-4.97333988,D
11/2/2016,-5.15257994,U
12/2/2016,-5.35937994,U
16/2/2016,-5.55030001,U
17/2/2016,-5.65458002,U
18/2/2016,-5.7194401,D
19/2/2016,-5.79513998,D
22/2/2016,-5.84731985,U
23/2/2016,-5.84977988,D
24/2/2016,-5.80309995,U
25/2/2016,-5.69113989,U
26/2/2016,-5.5717798,U
29/2/2016,-5.44783987,U
1/3/2016,-5.36109987,D
2/3/2016,-5.12529985,U
3/3/2016,-4.76381986,U
4/3/2016,-4.38063994,U
7/3/2016,-3.85509997,U
8/3/2016,-3.20059995,D
9/3/2016,-2.50849999,U
10/3/2016,-1.79831995,D
11/3/2016,-1.10925995,U
14/3/2016,-0.37639999,U
15/3/2016,0.34197994,U
16/3/2016,0.88039997,U
17/3/2016,1.46470001,U
18/3/2016,2.07149991,U
21/3/2016,2.58661995,U
22/3/2016,3.06395988,D
23/3/2016,3.44083988,D
24/3/2016,3.77291984,U
28/3/2016,4.05231976,U
29/3/2016,4.33851971,D
30/3/2016,4.65631965,D
31/3/2016,4.97041966,U
1/4/2016,5.2333598,U
4/4/2016,5.50477974,U
5/4/2016,5.79489982,U
6/4/2016,6.14693981,U
7/4/2016,6.37717983,D
8/4/2016,6.57807983,D
11/4/2016,6.76139984,D
12/4/2016,6.86161991,D
13/4/2016,6.99315991,U
14/4/2016,7.01613987,D
15/4/2016,6.97331981,U
18/4/2016,6.87051987,D
19/4/2016,6.62193977,D
20/4/2016,6.37131977,U
21/4/2016,6.22825985,D
22/4/2016,6.04793987,U
25/4/2016,5.85813992,D
26/4/2016,5.6834399,U
27/4/2016,5.54403996,D
28/4/2016,5.40732002,D
29/4/2016,5.14305996,D
2/5/2016,4.79028008,U
3/5/2016,4.34046001,D
4/5/2016,3.73046009,D
5/5/2016,3.14364014,D
6/5/2016,2.68224015,U
9/5/2016,2.19792012,D
10/5/2016,1.73958016,D
11/5/2016,1.19344025,U
12/5/2016,0.67188019,D
13/5/2016,0.15540012,U
16/5/2016,-0.3294999,U
17/5/2016,-0.7540799,D
18/5/2016,-1.17635982,U
19/5/2016,-1.53311989,U
20/5/2016,-1.92821991,U
23/5/2016,-2.31909985,D
24/5/2016,-2.68843991,U
25/5/2016,-3.01229985,U
26/5/2016,-3.25095985,U
27/5/2016,-3.41479981,D
31/5/2016,-3.56245983,U
1/6/2016,-3.61501987,D
2/6/2016,-3.58989994,D
3/6/2016,-3.50093994,U
6/6/2016,-3.41515991,U
7/6/2016,-3.18928001,U
8/6/2016,-2.94253994,U
9/6/2016,-2.74841991,D
10/6/2016,-2.58940003,D
13/6/2016,-2.40791992,D
14/6/2016,-2.21309998,D
15/6/2016,-1.93161987,U
16/6/2016,-1.67405998,U
17/6/2016,-1.50453995,D
20/6/2016,-1.38885998,U
21/6/2016,-1.2337199,D
22/6/2016,-1.24157993,D
23/6/2016,-1.24086002,D
24/6/2016,-1.32571987,D
27/6/2016,-1.34677997,U
28/6/2016,-1.3528199,U
29/6/2016,-1.29779991,U
30/6/2016,-1.21383988,U
1/7/2016,-1.11157989,U
5/7/2016,-1.01949993,D
6/7/2016,-1.04897987,U
7/7/2016,-1.09357987,U
8/7/2016,-1.08062,U
11/7/2016,-0.92899994,U
12/7/2016,-0.79675999,D
13/7/2016,-0.64397999,D
14/7/2016,-0.56252003,D
15/7/2016,-0.52917987,D
18/7/2016,-0.48025997,U
19/7/2016,-0.46597996,D
20/7/2016,-0.45623997,U
21/7/2016,-0.26508007,D
22/7/2016,-0.05962005,U
25/7/2016,0.21805988,U
26/7/2016,0.44005993,D
27/7/2016,0.62625992,D
28/7/2016,0.72666004,U
29/7/2016,0.85728,U
1/8/2016,0.93318001,D
2/8/2016,1.03769989,D
3/8/2016,1.11291989,D
4/8/2016,1.20881996,U
5/8/2016,1.29952003,D
8/8/2016,1.30915989,D
9/8/2016,1.32929997,U
10/8/2016,1.35081997,D
11/8/2016,1.36321991,D
12/8/2016,1.38871986,U
15/8/2016,1.35571987,D
16/8/2016,1.3275,D
17/8/2016,1.31269989,D
18/8/2016,1.39083996,U
19/8/2016,1.43558006,U
22/8/2016,1.34822006,D
23/8/2016,1.27364002,U
24/8/2016,1.18429988,D
25/8/2016,1.07475987,D
26/8/2016,0.91851986,D
29/8/2016,0.77149998,D
30/8/2016,0.64634006,D
31/8/2016,0.53894005,U
1/9/2016,0.22409996,D
2/9/2016,-0.1039201,D
6/9/2016,-0.37593995,U
7/9/2016,-0.66228009,D
8/9/2016,-0.92746009,D
9/9/2016,-1.16898003,D
12/9/2016,-1.38616009,U
13/9/2016,-1.59976013,D
14/9/2016,-1.80148006,U
15/9/2016,-1.9736,U
16/9/2016,-2.11253994,U
19/9/2016,-2.25737992,U
20/9/2016,-2.35971977,D
21/9/2016,-2.47819973,U
22/9/2016,-2.57569965,U
23/9/2016,-2.65447967,U
26/9/2016,-2.71883968,U
27/9/2016,-2.73097977,D
28/9/2016,-2.70571984,U
29/9/2016,-2.70817986,D
30/9/2016,-2.60969986,U
3/10/2016,-2.41621982,U
4/10/2016,-2.2560199,D
5/10/2016,-2.1043198,D
6/10/2016,-1.95795975,D
7/10/2016,-1.80055981,D
10/10/2016,-1.63869984,U
11/10/2016,-1.4785598,D
12/10/2016,-1.32479996,U
13/10/2016,-1.22439991,D
14/10/2016,-1.17690003,D
17/10/2016,-1.15642009,D
18/10/2016,-1.10358021,U
19/10/2016,-1.01810005,U
20/10/2016,-0.9852,D
21/10/2016,-0.95952007,U
24/10/2016,-0.93042011,U
25/10/2016,-0.87212009,D
26/10/2016,-0.82694012,D
27/10/2016,-0.71692016,U
28/10/2016,-0.66336018,D
31/10/2016,-0.71398022,D
1/11/2016,-0.7916203,D
2/11/2016,-0.84874039,D
3/11/2016,-0.84374043,D
4/11/2016,-0.78264034,U
7/11/2016,-0.7529203,U
8/11/2016,-0.72348034,U
9/11/2016,-0.75286018,D
10/11/2016,-0.7951202,D
11/11/2016,-0.82578007,U
14/11/2016,-0.88556003,D
15/11/2016,-0.96261994,U
16/11/2016,-1.08780006,U
17/11/2016,-1.1574001,U
18/11/2016,-1.2703001,D
21/11/2016,-1.39758003,D
22/11/2016,-1.48975994,U
23/11/2016,-1.56768006,U
25/11/2016,-1.62619991,U
28/11/2016,-1.62757988,D
29/11/2016,-1.64209987,D
30/11/2016,-1.59503987,D
1/12/2016,-1.56307991,D
2/12/2016,-1.52274002,D
5/12/2016,-1.47773995,U
6/12/2016,-1.45877991,D
7/12/2016,-1.42603985,U
8/12/2016,-1.34781986,D
9/12/2016,-1.24543983,D
12/12/2016,-1.16033993,U
13/12/2016,-0.93113991,U
14/12/2016,-0.73105999,U
15/12/2016,-0.55103996,D
16/12/2016,-0.41869984,U
19/12/2016,-0.2660799,U
20/12/2016,-0.05473991,U
21/12/2016,0.08016007,D
22/12/2016,0.20550007,U
23/12/2016,0.31999996,U
27/12/2016,0.46201992,U
28/12/2016,0.6605999,U
29/12/2016,0.85107986,D
30/12/2016,1.1286599,D
3/1/2017,1.41229992,U
4/1/2017,1.70659988,U
5/1/2017,2.0196399,D
6/1/2017,2.27155975,U
9/1/2017,2.5452998,U
10/1/2017,2.81875969,D
11/1/2017,3.07271965,D
12/1/2017,3.2596796,D
13/1/2017,3.46243966,U
17/1/2017,3.65219975,D
18/1/2017,3.80713974,U
19/1/2017,4.00463962,U
20/1/2017,4.1579596,U
23/1/2017,4.35423954,U
24/1/2017,4.55763966,U
25/1/2017,4.69245971,D
26/1/2017,4.76645981,D
27/1/2017,4.81255974,U
30/1/2017,4.90461971,D
31/1/2017,5.01501979,U
1/2/2017,5.09519981,D
2/2/2017,5.07467995,U
3/2/2017,5.05323998,D
6/2/2017,5.07444011,U
7/2/2017,5.07908001,D
8/2/2017,5.1394601,U
9/2/2017,5.24184013,U
10/2/2017,5.31960022,U
13/2/2017,5.38330025,U
14/2/2017,5.44090015,U
15/2/2017,5.46174008,D
16/2/2017,5.38504017,D
17/2/2017,5.31452015,U
21/2/2017,5.26226017,U
22/2/2017,5.12638012,D
23/2/2017,4.88634014,D
24/2/2017,4.67296024,U
27/2/2017,4.41344021,D
28/2/2017,4.20184025,U
1/3/2017,3.97298019,U
2/3/2017,3.79342026,U
3/3/2017,3.5982602,U
6/3/2017,3.42738025,D
7/3/2017,3.17202018,D
8/3/2017,2.91224025,D
9/3/2017,2.61420021,D
10/3/2017,2.26246013,D
13/3/2017,1.92614018,U
14/3/2017,1.52686019,U
15/3/2017,1.10620022,D
16/3/2017,0.74886021,U
17/3/2017,0.53632012,D
20/3/2017,0.29254009,U
21/3/2017,-0.06123993,D
22/3/2017,-0.34115994,U
23/3/2017,-0.45290001,D
24/3/2017,-0.5250201,U
27/3/2017,-0.44764008,U
28/3/2017,-0.3318401,U
29/3/2017,-0.2254401,D
30/3/2017,-0.10928012,U
31/3/2017,0.01985989,U
3/4/2017,0.2777998,U
4/4/2017,0.60977993,U
5/4/2017,0.92951992,D
6/4/2017,1.29060002,U
7/4/2017,1.67898003,U
10/4/2017,2.10341999,U
11/4/2017,2.37820007,D
12/4/2017,2.60966012,D
13/4/2017,2.81012008,U
17/4/2017,3.0099601,D
18/4/2017,3.19758011,D
19/4/2017,3.55498005,U
20/4/2017,3.84986004,D
21/4/2017,4.18397995,U
24/4/2017,4.47735992,U
25/4/2017,4.73481999,U
26/4/2017,4.94373989,D
27/4/2017,5.14563984,D
28/4/2017,5.36989983,U
1/5/2017,5.59967991,U
2/5/2017,5.61673996,D
3/5/2017,5.55541985,D
4/5/2017,5.47221981,D
5/5/2017,5.35927971,U
8/5/2017,5.20501976,D
9/5/2017,4.99359967,U
10/5/2017,4.85777961,U
11/5/2017,4.82805973,D
12/5/2017,4.73883973,U
15/5/2017,4.62599976,D
16/5/2017,4.53039982,U
17/5/2017,4.30621979,D
18/5/2017,4.14695984,U
19/5/2017,3.93553989,D
22/5/2017,3.69209992,D
23/5/2017,3.36203995,D
24/5/2017,3.15365986,U
25/5/2017,2.9912598,U
26/5/2017,2.84959984,U
30/5/2017,2.67789962,U
31/5/2017,2.58273971,U
1/6/2017,2.51747974,D
2/6/2017,2.62201981,D
5/6/2017,2.64155982,U
6/6/2017,2.73939983,U
7/6/2017,2.76557987,U
8/6/2017,2.84317997,U
9/6/2017,2.86561977,D
12/6/2017,2.88325992,U
13/6/2017,3.09336006,U
14/6/2017,3.40130013,U
15/6/2017,3.80704017,D
16/6/2017,4.08484017,D
19/6/2017,4.39014015,D
20/6/2017,4.7302401,U
21/6/2017,5.19960011,U
22/6/2017,5.62790027,U
23/6/2017,5.9476603,U
26/6/2017,6.17720032,D
27/6/2017,6.20618042,D
28/6/2017,6.22452026,U
29/6/2017,6.20740044,D
30/6/2017,6.18860031,U
3/7/2017,6.05352051,D
5/7/2017,5.71968048,D
6/7/2017,5.23132041,D
7/7/2017,4.65132045,U
10/7/2017,4.20894062,U
11/7/2017,3.83844051,U
12/7/2017,3.34738041,U
13/7/2017,2.75680019,D
14/7/2017,2.21416012,U
17/7/2017,1.59942021,D
18/7/2017,1.10426029,U
19/7/2017,0.56218044,D
20/7/2017,0.06274052,U
21/7/2017,-0.49207965,D
24/7/2017,-0.97905979,U
25/7/2017,-1.41711994,D
26/7/2017,-1.71420002,U
27/7/2017,-2.15180011,D
28/7/2017,-2.52444019,U
31/7/2017,-2.94748013,D
1/8/2017,-3.31294018,D
2/8/2017,-3.3871001,U
3/8/2017,-3.17742008,U
4/8/2017,-2.92728004,U
7/8/2017,-2.68944008,D
8/8/2017,-2.46976013,U
9/8/2017,-2.24338013,D
10/8/2017,-1.98103997,D
11/8/2017,-1.75014008,U
14/8/2017,-1.40364007,U
15/8/2017,-1.12278016,D
16/8/2017,-0.78652024,U
17/8/2017,-0.5356002,D
18/8/2017,-0.25484032,D
21/8/2017,-0.22360031,D
22/8/2017,-0.13546028,U
23/8/2017,0.04645996,U
24/8/2017,0.34208008,U
25/8/2017,0.58104011,D
28/8/2017,0.90590019,D
29/8/2017,1.2735601,U
30/8/2017,1.62270004,U
31/8/2017,1.79280006,U
1/9/2017,1.88654,D
5/9/2017,1.96618019,D
6/9/2017,1.89112023,D
7/9/2017,1.80896019,U
8/9/2017,1.80032013,D
11/9/2017,1.84676025,U
12/9/2017,1.83170021,D
13/9/2017,1.81626015,U
14/9/2017,1.76136009,U
15/9/2017,1.75633988,U
18/9/2017,1.84462006,U
19/9/2017,1.98082001,D
20/9/2017,2.11966011,D
21/9/2017,2.10891998,D
22/9/2017,1.97980011,D
25/9/2017,1.88036011,D
26/9/2017,1.77354004,U
27/9/2017,1.6587201,D
28/9/2017,1.46555999,D
29/9/2017,1.27284004,U
2/10/2017,1.08161995,U
3/10/2017,1.04463989,U
4/10/2017,1.08779991,U
5/10/2017,1.08907982,U
6/10/2017,1.13419975,U
9/10/2017,0.89521973,D
10/10/2017,0.69513947,U
11/10/2017,0.43871933,D
12/10/2017,0.09995941,U
13/10/2017,-0.17636055,D
16/10/2017,-0.49512039,D
17/10/2017,-0.69094025,U
18/10/2017,-0.81126015,U
19/10/2017,-0.91108002,D
20/10/2017,-0.9297802,D
23/10/2017,-0.92608032,D
24/10/2017,-0.89934036,U
25/10/2017,-0.90468033,D
26/10/2017,-0.89202019,U
27/10/2017,-0.97012009,D
30/10/2017,-1.07510018,D
31/10/2017,-1.21588013,U
1/11/2017,-1.47410004,D
2/11/2017,-1.82076008,D
3/11/2017,-2.14130012,U
6/11/2017,-2.36181999,D
7/11/2017,-2.69877975,U
8/11/2017,-3.02899971,D
9/11/2017,-3.35513978,D
10/11/2017,-3.6692997,same
13/11/2017,-3.86129974,U
14/11/2017,-4.16823979,D
15/11/2017,-4.51881988,U
16/11/2017,-4.75947983,U
17/11/2017,-4.94657971,U
20/11/2017,-5.00957966,D
21/11/2017,-5.02511971,U
22/11/2017,-4.94299961,D
24/11/2017,-4.80083966,U
27/11/2017,-4.58943989,U
28/11/2017,-4.34493988,U
29/11/2017,-4.31459996,D
30/11/2017,-4.17666015,U
1/12/2017,-3.86416027,D
4/12/2017,-3.68950012,D
5/12/2017,-3.51514004,D
6/12/2017,-3.31507992,U
7/12/2017,-3.12765979,D
8/12/2017,-2.90837978,U
11/12/2017,-2.60041981,U
12/12/2017,-2.34211987,U
13/12/2017,-2.00237999,D
14/12/2017,-1.66799984,D
15/12/2017,-1.31097973,U
18/12/2017,-1.00073959,D
19/12/2017,-0.72977967,D
20/12/2017,-0.51163983,D
21/12/2017,-0.22927986,U
22/12/2017,-0.01085983,D
26/12/2017,0.14706016,D
27/12/2017,0.24380027,D
28/12/2017,0.48356029,U
29/12/2017,0.70176029,D
2/1/2018,0.96688038,U
3/1/2018,1.19878029,D
4/1/2018,1.39758018,D
5/1/2018,1.51382027,U
8/1/2018,1.72324013,U
9/1/2018,1.87876007,D
10/1/2018,1.88194024,U
11/1/2018,1.77966004,U
12/1/2018,1.73280014,D
16/1/2018,1.67858009,U
17/1/2018,1.52407997,U
18/1/2018,1.42715988,D
19/1/2018,1.42739975,U
22/1/2018,1.47115975,U
23/1/2018,1.48885964,U
24/1/2018,1.52415962,D
25/1/2018,1.5890596,D
26/1/2018,1.79135967,U
29/1/2018,1.96973973,U
30/1/2018,2.17635972,D
31/1/2018,2.34691955,U
1/2/2018,2.53011944,D
2/2/2018,2.68137947,D
5/2/2018,2.78559936,D
6/2/2018,2.67571946,U
7/2/2018,2.67101952,U
8/2/2018,2.4816396,D
9/2/2018,2.23485973,D
12/2/2018,1.99719955,U
13/2/2018,1.77395958,U
14/2/2018,1.46233955,D
15/2/2018,1.24185959,U
16/2/2018,0.96939972,U
20/2/2018,0.71545997,D
21/2/2018,0.43232017,D
22/2/2018,0.31096016,U
23/2/2018,0.36250023,U
26/2/2018,0.4426403,U
27/2/2018,0.40940033,D
28/2/2018,0.3611203,D
1/3/2018,0.17740028,D
2/3/2018,0.05110046,U
5/3/2018,-0.06189957,D
6/3/2018,-0.1080796,D
7/3/2018,-0.12733956,U
8/3/2018,-0.30193954,D
9/3/2018,-0.22205967,D
12/3/2018,-0.00663975,U
13/3/2018,0.14854012,D
14/3/2018,0.1171199,D
15/3/2018,0.12974014,D
16/3/2018,-0.0138601,D
19/3/2018,-0.22892003,D
20/3/2018,-0.44700008,D
21/3/2018,-0.53518032,U
22/3/2018,-0.80752041,D
23/3/2018,-1.17958065,D
26/3/2018,-1.57690082,U
27/3/2018,-2.06684071,D
28/3/2018,-2.59052067,D
29/3/2018,-2.91440048,U
2/4/2018,-3.37244061,D
3/4/2018,-3.70068054,U
4/4/2018,-3.85480056,U
5/4/2018,-3.93232052,U
6/4/2018,-4.04396046,D
9/4/2018,-4.22714039,D
10/4/2018,-4.4826403,U
11/4/2018,-4.69734012,D
12/4/2018,-4.81587986,D
13/4/2018,-4.85259999,U
16/4/2018,-4.92183983,D
17/4/2018,-4.95629997,D
18/4/2018,-4.96918007,U
19/4/2018,-4.99812012,U
20/4/2018,-4.9676801,D
23/4/2018,-5.02194,D
24/4/2018,-5.1212999,U
25/4/2018,-4.96603981,D
26/4/2018,-4.53631973,U
27/4/2018,-4.14389981,U
30/4/2018,-3.5690197,D
1/5/2018,-3.1028397,U
2/5/2018,-2.82625969,U
3/5/2018,-2.84355968,D
4/5/2018,-2.68733966,U
7/5/2018,-2.35911953,U
8/5/2018,-2.1646194,D
9/5/2018,-1.92885952,U
10/5/2018,-1.66729957,D
11/5/2018,-1.54061962,D
14/5/2018,-1.36041958,D
15/5/2018,-1.19883957,D
16/5/2018,-1.10065945,U
17/5/2018,-1.06501937,D
18/5/2018,-0.99009945,D
21/5/2018,-0.80817951,U
22/5/2018,-0.61067966,D
23/5/2018,-0.37579979,U
24/5/2018,-0.25697991,D
25/5/2018,-0.22227993,U
29/5/2018,-0.17331997,U
30/5/2018,-0.16795994,U
31/5/2018,-0.22887993,D
1/6/2018,-0.05633995,U
4/6/2018,0.01959999,U
5/6/2018,-0.05516003,D
6/6/2018,0.05885994,U
7/6/2018,0.00361992,D
8/6/2018,-0.10950012,U
11/6/2018,-0.06298023,U
12/6/2018,0.08385971,U
13/6/2018,0.38085983,U
14/6/2018,0.81013973,U
15/6/2018,1.33663978,U
18/6/2018,1.99061989,U
19/6/2018,2.41966,D
20/6/2018,3.06168003,U
21/6/2018,3.55976006,D
22/6/2018,3.95936005,D
25/6/2018,4.37027996,D
26/6/2018,4.74952008,U
27/6/2018,5.05008,U
28/6/2018,5.47576,U
29/6/2018,5.81557995,D
2/7/2018,6.01955998,D
3/7/2018,6.10689991,D
5/7/2018,5.90069988,D
6/7/2018,5.71595993,D
9/7/2018,5.59233986,U
10/7/2018,5.38248009,U
11/7/2018,5.04414001,D
12/7/2018,4.69627995,D
13/7/2018,4.23689995,U
16/7/2018,3.65359981,D
17/7/2018,3.05779988,U
18/7/2018,2.68647968,U
19/7/2018,2.19353962,D
20/7/2018,1.82731965,D
23/7/2018,1.53029976,D
24/7/2018,1.18901992,D
25/7/2018,0.7893399,U
26/7/2018,0.32095986,D
27/7/2018,-0.24934009,D
30/7/2018,-0.79965988,D
31/7/2018,-1.25423996,U
1/8/2018,-1.41984005,U
2/8/2018,-1.31416019,U
3/8/2018,-1.19786007,D
6/8/2018,-1.21961998,D
7/8/2018,-1.05150009,U
8/8/2018,-0.88402008,D
9/8/2018,-0.76954006,D
10/8/2018,-0.68638001,U
13/8/2018,-0.48164012,U
14/8/2018,-0.43574024,D
15/8/2018,-0.47758007,D
16/8/2018,-0.38918003,D
17/8/2018,-0.42762009,D
20/8/2018,-0.33834004,U
21/8/2018,-0.05284016,U
22/8/2018,0.16067989,D
23/8/2018,0.39389972,D
24/8/2018,0.78989975,U
27/8/2018,1.23649979,D
28/8/2018,1.60957992,D
29/8/2018,1.84143997,D
30/8/2018,1.61382015,D
31/8/2018,1.33212002,D
4/9/2018,0.98043988,D
5/9/2018,0.20121971,D
6/9/2018,-0.44848033,U
7/9/2018,-1.01554024,D
10/9/2018,-1.45772026,U
11/9/2018,-1.9733802,D
12/9/2018,-2.36626015,U
13/9/2018,-2.77296012,D
14/9/2018,-3.11961991,U
17/9/2018,-3.16997989,D
18/9/2018,-3.27057987,D
19/9/2018,-3.40557964,U
20/9/2018,-3.55615978,D
21/9/2018,-3.69571965,U
24/9/2018,-3.8503598,U
25/9/2018,-3.99671975,U
26/9/2018,-3.96707977,U
27/9/2018,-3.87665973,D
28/9/2018,-4.03861988,D
1/10/2018,-3.93669995,U
2/10/2018,-3.80728004,D
3/10/2018,-3.65616001,D
4/10/2018,-3.53971989,D
5/10/2018,-3.37381981,D
8/10/2018,-3.53673973,D
9/10/2018,-3.59365971,U
10/10/2018,-3.76521984,D
11/10/2018,-3.9430798,D
12/10/2018,-3.94423988,U
15/10/2018,-3.94241977,U
16/10/2018,-3.76451973,U
17/10/2018,-3.60575977,D
18/10/2018,-3.52423973,D
19/10/2018,-3.54543976,D
22/10/2018,-3.55457985,U
23/10/2018,-3.37400002,U
24/10/2018,-3.34824001,D
25/10/2018,-3.17952011,U
26/10/2018,-2.50002011,U
29/10/2018,-2.37592007,U
30/10/2018,-2.1729599,D
31/10/2018,-1.80944001,U
1/11/2018,-1.27549991,U
2/11/2018,-0.53614002,U
5/11/2018,0.29794003,D
6/11/2018,0.9933799,D
7/11/2018,1.76098007,U
8/11/2018,2.56712005,U
9/11/2018,3.29497998,D
12/11/2018,3.89339993,D
13/11/2018,4.31567997,U
14/11/2018,4.78484009,U
15/11/2018,5.36018009,U
16/11/2018,5.93900005,U
19/11/2018,6.5923201,D
20/11/2018,6.85362019,D
21/11/2018,7.1599202,D
23/11/2018,7.12414017,D
26/11/2018,7.07194008,U
27/11/2018,6.96631989,D
28/11/2018,6.89437966,U
29/11/2018,6.76427986,D
30/11/2018,6.61767975,U
3/12/2018,6.5009198,U
4/12/2018,6.44383995,U
6/12/2018,6.41556007,U
7/12/2018,6.32009995,D
10/12/2018,6.22708,U
11/12/2018,5.98162003,U
12/12/2018,6.11122017,D
13/12/2018,6.18874008,U
14/12/2018,6.12219986,D
17/12/2018,5.85563964,D
18/12/2018,5.38251961,D
19/12/2018,4.84787964,D
20/12/2018,4.31645961,D
21/12/2018,3.88069954,U
24/12/2018,3.40365947,D
26/12/2018,2.93531971,U
27/12/2018,2.43125992,D
28/12/2018,2.06214012,U
31/12/2018,1.73435997,D
2/1/2019,1.14591992,D
3/1/2019,0.40317997,D
4/1/2019,-0.24388024,U
7/1/2019,-0.68816032,U
8/1/2019,-1.10176041,U
9/1/2019,-1.4626403,U
10/1/2019,-1.73682007,U
11/1/2019,-1.97985993,U
14/1/2019,-2.42176003,D
15/1/2019,-2.66299995,U
16/1/2019,-2.69377984,U
17/1/2019,-2.59457985,U
18/1/2019,-2.74511997,D
22/1/2019,-2.74116001,D
23/1/2019,-2.82067981,D
24/1/2019,-2.61991985,U
25/1/2019,-2.69653999,U
28/1/2019,-2.75444012,D
29/1/2019,-2.95346015,U
30/1/2019,-3.05283993,U
31/1/2019,-2.91815979,D
1/2/2019,-2.63125969,U
4/2/2019,-2.51693963,U
5/2/2019,-2.54847954,U
6/2/2019,-2.6458995,D
7/2/2019,-2.88281959,D
8/2/2019,-3.11371983,D
11/2/2019,-3.33360004,U
12/2/2019,-3.41525997,D
13/2/2019,-3.64586006,D
14/2/2019,-3.88181996,D
15/2/2019,-4.07367988,U
19/2/2019,-3.82363987,D
20/2/2019,-3.54523987,D
21/2/2019,-3.24187996,D
22/2/2019,-2.92811985,U
25/2/2019,-2.6388599,U
26/2/2019,-2.3491,D
27/2/2019,-1.92809994,U
28/2/2019,-1.63368,U
1/3/2019,-1.54146,D
4/3/2019,-1.60328015,D
5/3/2019,-1.7410601,D
6/3/2019,-2.0355999,D
7/3/2019,-2.26917992,U
8/3/2019,-2.45787991,U
11/3/2019,-2.46599991,U
12/3/2019,-2.62971989,D
13/3/2019,-2.67857983,U
14/3/2019,-2.6893198,U
15/3/2019,-2.83395996,D
18/3/2019,-3.09438003,D
19/3/2019,-3.27520001,D
20/3/2019,-3.31936009,U
21/3/2019,-3.24613999,U
22/3/2019,-3.25194008,D
25/3/2019,-3.2972401,D
26/3/2019,-3.28017994,U
27/3/2019,-3.4410001,U
28/3/2019,-3.59036019,U
29/3/2019,-3.47490021,U
1/4/2019,-3.20418022,U
2/4/2019,-3.0452602,D
3/4/2019,-2.86112026,U
4/4/2019,-2.86998028,D
5/4/2019,-2.89558026,U
8/4/2019,-2.97742015,D
9/4/2019,-2.99164013,D
10/4/2019,-3.03504005,U
11/4/2019,-3.0890401,D
12/4/2019,-3.00906002,D
15/4/2019,-2.85683991,D
16/4/2019,-2.63981987,U
17/4/2019,-2.46304005,D
18/4/2019,-2.29480007,U
22/4/2019,-2.13356003,D
23/4/2019,-1.93116005,U
24/4/2019,-1.80554012,D
25/4/2019,-1.82082008,D
26/4/2019,-1.96350006,D
29/4/2019,-2.09820007,U
30/4/2019,-2.32634003,D
1/5/2019,-2.55852005,D
2/5/2019,-2.80178002,U
3/5/2019,-2.78448002,U
6/5/2019,-2.8232,U
7/5/2019,-2.87775997,D
8/5/2019,-2.94038014,D
9/5/2019,-2.99014019,D
10/5/2019,-2.95770008,D
13/5/2019,-3.09348011,D
14/5/2019,-3.22198013,U
15/5/2019,-3.45772023,D
16/5/2019,-3.69508011,D
17/5/2019,-4.05514008,D
20/5/2019,-4.3139201,D
21/5/2019,-4.5587601,D
22/5/2019,-4.85553997,D
23/5/2019,-5.00306003,U
24/5/2019,-5.05084004,D
28/5/2019,-5.23161995,D
29/5/2019,-5.40139992,U
30/5/2019,-5.54229981,D
31/5/2019,-5.77793972,D
3/6/2019,-6.15833977,D
4/6/2019,-6.49201981,U
5/6/2019,-6.74139972,U
6/6/2019,-6.88301968,U
7/6/2019,-6.97649964,D
10/6/2019,-6.97993961,U
11/6/2019,-6.82799968,U
12/6/2019,-6.73881978,D
13/6/2019,-6.63133972,U
14/6/2019,-6.45787971,U
17/6/2019,-6.14687977,U
18/6/2019,-5.75219964,D
19/6/2019,-5.3516196,U
20/6/2019,-4.87195964,D
21/6/2019,-4.39145954,U
24/6/2019,-3.88223953,U
25/6/2019,-3.37987961,D
26/6/2019,-2.89733959,D
27/6/2019,-2.3490596,U
28/6/2019,-1.77497967,U
1/7/2019,-1.10861965,U
2/7/2019,-0.64631973,D
3/7/2019,-0.14721981,U
5/7/2019,0.22652019,D
8/7/2019,0.55408016,D
9/7/2019,0.74620018,D
10/7/2019,0.97460026,U
11/7/2019,1.26836022,D
12/7/2019,1.53578007,U
15/7/2019,1.88398003,U
16/7/2019,2.16808007,D
17/7/2019,2.47119999,U
18/7/2019,2.71638,D
19/7/2019,3.04862003,U
22/7/2019,3.33202,D
23/7/2019,3.61471996,U
24/7/2019,3.91444004,U
25/7/2019,4.02390007,D
26/7/2019,4.09154007,D
29/7/2019,4.18487999,U
30/7/2019,4.2108601,U
31/7/2019,4.23646004,D
1/8/2019,4.11088005,D
2/8/2019,3.95684014,U
5/8/2019,3.80532013,D
6/8/2019,3.65174011,U
7/8/2019,3.41786007,U
8/8/2019,3.2211,U
9/8/2019,2.93324005,D
12/8/2019,2.51293998,D
13/8/2019,2.11501988,U
14/8/2019,1.65853989,D
15/8/2019,1.20333985,D
16/8/2019,0.76497971,U
19/8/2019,0.38715969,U
20/8/2019,-0.0078603,D
21/8/2019,-0.46328041,D
22/8/2019,-0.58154037,U
23/8/2019,-0.73790047,D
26/8/2019,-0.94592041,U
27/8/2019,-1.18392032,D
28/8/2019,-1.40752022,U
29/8/2019,-1.51004028,U
30/8/2019,-1.62130024,U
3/9/2019,-1.66700031,D
4/9/2019,-1.75586033,D
5/9/2019,-1.83354023,U
6/9/2019,-1.97476017,D
9/9/2019,-2.04276005,U
10/9/2019,-2.02577987,U
11/9/2019,-1.98449996,U
12/9/2019,-1.80727996,D
13/9/2019,-1.55287987,D
16/9/2019,-1.36301983,D
17/9/2019,-1.24121987,U
18/9/2019,-1.11863983,D
19/9/2019,-0.89165985,U
20/9/2019,-0.71503982,D
23/9/2019,-0.40133984,U
24/9/2019,-0.19807988,D
25/9/2019,0.04284011,U
26/9/2019,0.36174015,U
27/9/2019,0.61158017,D
30/9/2019,0.8334201,D
1/10/2019,1.07418018,U
2/10/2019,1.3668401,D
3/10/2019,1.52874008,D
4/10/2019,1.55809998,D
7/10/2019,1.57867989,U
8/10/2019,1.60665974,U
9/10/2019,1.57187977,U
10/10/2019,1.54805981,U
11/10/2019,1.51879975,U
14/10/2019,1.56981968,U
15/10/2019,1.58253967,U
16/10/2019,1.62913963,U
17/10/2019,1.66863965,U
18/10/2019,1.75733959,D
21/10/2019,1.80607968,D
22/10/2019,2.02349976,U
23/10/2019,2.2045797,D
24/10/2019,2.45553966,U
25/10/2019,2.86557968,U
28/10/2019,3.30289966,D
29/10/2019,3.66063968,D
30/10/2019,4.02283969,D
31/10/2019,4.46537979,D
1/11/2019,4.9195398,D
4/11/2019,5.29275982,U
5/11/2019,5.65557991,D
6/11/2019,6.02608009,U
7/11/2019,6.45428006,U
8/11/2019,6.88506012,U
11/11/2019,7.28844017,U
12/11/2019,7.70916019,U
13/11/2019,8.07104019,D
14/11/2019,8.46576023,U
15/11/2019,8.91908024,U
18/11/2019,9.41118027,D
19/11/2019,9.95466023,U
20/11/2019,10.50958016,D
21/11/2019,10.62524021,U
22/11/2019,10.32298031,D
25/11/2019,10.03516026,U
26/11/2019,9.82564018,D
27/11/2019,9.63724037,U
29/11/2019,9.45408028,D
2/12/2019,9.29268032,U
3/12/2019,9.10010025,U
4/12/2019,8.81892029,D
5/12/2019,8.45014015,D
6/12/2019,8.08032012,U
9/12/2019,7.71461998,U
10/12/2019,7.32024002,U
11/12/2019,6.91590004,U
12/12/2019,6.58539993,U
13/12/2019,6.17435982,D
16/12/2019,5.86737999,U
17/12/2019,5.5922998,D
18/12/2019,5.31619972,U
19/12/2019,5.19635963,U
20/12/2019,5.06055939,U
23/12/2019,5.23703933,U
24/12/2019,5.45297951,U
26/12/2019,5.78097977,U
27/12/2019,6.08935952,D
30/12/2019,6.32603966,D
31/12/2019,6.51511971,U
2/1/2020,6.74867988,U
3/1/2020,7.09875969,U
6/1/2020,7.52301979,U
7/1/2020,8.17719963,U
8/1/2020,9.04725975,U
9/1/2020,9.75773979,D
10/1/2020,10.36451966,D
13/1/2020,11.17691978,U
14/1/2020,12.08021972,U
15/1/2020,12.62945946,D
16/1/2020,13.19037956,D
17/1/2020,13.59075966,D
21/1/2020,14.13987983,U
22/1/2020,14.84350014,U
23/1/2020,15.43306015,U
24/1/2020,15.94983986,D
27/1/2020,16.38827957,D
28/1/2020,16.87031963,U
29/1/2020,17.60665953,U
30/1/2020,18.67689954,U
31/1/2020,19.67767949,U
3/2/2020,21.36565958,U
4/2/2020,23.58149973,U
5/2/2020,24.71842005,D
6/2/2020,25.62294024,U
7/2/2020,26.64332022,D
10/2/2020,27.80518022,U
11/2/2020,28.52802045,U
12/2/2020,29.0723203,D
13/2/2020,30.0508005,U
14/2/2020,31.0608804,D
18/2/2020,32.4384003,U
19/2/2020,33.7924,U
20/2/2020,34.83682,D
21/2/2020,35.8789398,U
24/2/2020,36.6288397,D
25/2/2020,37.2588997,D
26/2/2020,37.7014197,D
27/2/2020,37.3990799,D
28/2/2020,36.5249201,D
2/3/2020,35.9969,U
3/3/2020,34.2425601,U
4/3/2020,31.4851198,U
5/3/2020,30.1077197,D
6/3/2020,28.5158794,D
9/3/2020,26.3841794,D
10/3/2020,24.2671195,U
11/3/2020,22.0502191,D
12/3/2020,19.3994196,D
13/3/2020,16.3124593,D
16/3/2020,12.7036196,D
17/3/2020,8.4728599,D
18/3/2020,3.2721403,D
19/3/2020,-1.27988,U
20/3/2020,-5.7561399,D
23/3/2020,-9.5629396,U
24/3/2020,-12.6194395,U
25/3/2020,-15.0724993,U
26/3/2020,-16.5418592,D
27/3/2020,-18.0615996,D
30/3/2020,-20.4310595,D
31/3/2020,-22.7001597,U
1/4/2020,-25.1169995,D
2/4/2020,-27.3573398,D
3/4/2020,-29.2232797,U
6/4/2020,-29.94655967,U
7/4/2020,-30.89507957,U
8/4/2020,-31.67673971,U
9/4/2020,-31.52027982,U
13/4/2020,-30.51753957,U
14/4/2020,-28.1066197,U
15/4/2020,-24.9096397,U
16/4/2020,-20.5023396,U
17/4/2020,-17.3165995,U
20/4/2020,-14.1178991,D
21/4/2020,-11.3481994,D
22/4/2020,-8.9204195,U
23/4/2020,-6.9816191,D
24/4/2020,-4.8431595,U
27/4/2020,-1.9782595,U
28/4/2020,0.8152804,D
29/4/2020,3.8119403,U
30/4/2020,7.3573006,D
1/5/2020,10.618161,D
4/5/2020,13.9892012,U
5/5/2020,16.771221,U
6/5/2020,19.2118412,U
7/5/2020,21.5188811,D
8/5/2020,23.4214013,U
11/5/2020,24.4516013,D
12/5/2020,25.1836415,D
13/5/2020,25.6131414,D
14/5/2020,25.979021,U
15/5/2020,26.1333011,D
18/5/2020,26.3654008,U
19/5/2020,26.7782613,D
20/5/2020,26.9318413,U
21/5/2020,27.378061,U
22/5/2020,27.2700413,D
26/5/2020,26.3822414,U
27/5/2020,25.3927013,U
28/5/2020,23.9432611,D
29/5/2020,22.5793408,U
1/6/2020,22.6653003,U
2/6/2020,22.0528798,D
3/6/2020,21.4056998,U
4/6/2020,20.7861796,D
5/6/2020,20.4567399,U
8/6/2020,20.0746997,U
9/6/2020,19.66326,D
10/6/2020,19.7279798,U
11/6/2020,19.7514196,D
12/6/2020,19.2560394,D
15/6/2020,19.0276192,U
16/6/2020,18.7041391,D
17/6/2020,18.639739,U
18/6/2020,18.6896991,U
19/6/2020,18.6144586,D
22/6/2020,18.7035782,D
23/6/2020,19.1293582,U
24/6/2020,19.5317178,D
25/6/2020,20.3088178,U
26/6/2020,20.6980979,D
29/6/2020,20.788758,U
30/6/2020,21.4374583,U
1/7/2020,22.0725183,U
2/7/2020,23.6091178,U
6/7/2020,25.804518,U
7/7/2020,27.5450778,U
8/7/2020,29.5286575,D
9/7/2020,30.7203175,U
10/7/2020,33.4618578,U
13/7/2020,36.2189375,D
14/7/2020,38.2160176,U
15/7/2020,40.7155378,U
16/7/2020,42.8743175,D
17/7/2020,44.9700772,U
20/7/2020,47.9392376,U
21/7/2020,50.6838777,D
22/7/2020,53.4652176,U
23/7/2020,56.1727782,D
24/7/2020,57.978818,D
27/7/2020,60.8323386,U
28/7/2020,62.7944589,D
29/7/2020,64.2455383,U
30/7/2020,65.2062183,D
31/7/2020,64.9664187,D
3/8/2020,63.4710184,U
4/8/2020,61.7619391,U
5/8/2020,60.2887394,D
6/8/2020,58.5643396,U
7/8/2020,55.0573398,D
10/8/2020,51.9381601,D
11/8/2020,48.6089005,D
12/8/2020,46.0036005,U
13/8/2020,44.2550412,U
14/8/2020,42.6084213,U
17/8/2020,40.7349008,U
18/8/2020,40.1735208,U
19/8/2020,39.2840805,D
20/8/2020,40.2645596,U
21/8/2020,42.2857998,U
24/8/2020,42.7161191,D
25/8/2020,44.0548587,U
26/8/2020,45.9112991,U
27/8/2020,48.4360598,U
28/8/2020,51.4246994,D
31/8/2020,55.5278994,U
1/9/2020,58.8866793,D
2/9/2020,61.4646994,D
3/9/2020,62.6223001,D
4/9/2020,64.5887207,U
8/9/2020,64.1482809,D
9/9/2020,65.4301813,U
10/9/2020,65.3420214,U
11/9/2020,64.7921408,U
14/9/2020,65.7082806,U
15/9/2020,66.3310016,U
16/9/2020,66.2723416,D
17/9/2020,65.6534617,D
18/9/2020,64.4767813,U
21/9/2020,63.6372815,U
22/9/2020,62.2104217,D
23/9/2020,59.455021,D
24/9/2020,55.7410611,U
25/9/2020,51.5763208,U
28/9/2020,48.0816815,U
29/9/2020,42.3097815,D
30/9/2020,37.7010223,U
1/10/2020,35.1466428,U
2/10/2020,33.3016229,D
5/10/2020,30.8240222,U
6/10/2020,32.8913232,D
7/10/2020,33.242283,U
8/10/2020,33.4493234,U
9/10/2020,33.7832831,U
12/10/2020,31.7943231,U
13/10/2020,28.6458224,U
14/10/2020,26.3448215,U
15/10/2020,24.5798019,D
16/10/2020,21.6207224,D
19/10/2020,17.8869611,D
20/10/2020,15.0079404,D
21/10/2020,14.1667013,U
22/10/2020,13.7699411,U
23/10/2020,12.5058417,D
26/10/2020,10.657081,D
27/10/2020,9.7865402,U
28/10/2020,8.0649994,D
29/10/2020,5.4960187,U
30/10/2020,4.3900391,D
2/11/2020,3.3212597,U
3/11/2020,3.396059,U
4/11/2020,2.8538199,D
5/11/2020,3.3131992,U
6/11/2020,3.4666995,D
9/11/2020,2.8431003,D
10/11/2020,2.7878003,D
11/11/2020,1.7377008,U
12/11/2020,0.5939008,D
13/11/2020,-0.9945999,D
16/11/2020,-1.9269992,D
17/11/2020,-3.1715,U
18/11/2020,-2.3787003,U
19/11/2020,-1.2633011,U
20/11/2020,-0.1521017,D
23/11/2020,2.8817975,U
24/11/2020,7.3043982,U
25/11/2020,13.058599,U
27/11/2020,18.5584997,U
30/11/2020,25.0274985,D
1/12/2020,31.5325986,U
2/12/2020,35.8867993,D
3/12/2020,40.2463986,U
4/12/2020,44.0688983,U
7/12/2020,49.9709979,U
8/12/2020,56.8283979,U
9/12/2020,62.8261981,D
10/12/2020,69.3619983,U
11/12/2020,76.0368976,D
14/12/2020,83.108598,U
15/12/2020,90.2151981,D
16/12/2020,95.0973996,D
17/12/2020,98.9483994,U
18/12/2020,103.3533001,U
21/12/2020,107.0486004,D
22/12/2020,109.0123022,D
23/12/2020,109.5557013,U
24/12/2020,109.9348017,U
28/12/2020,109.5351013,U
29/12/2020,109.9282025,U
30/12/2020,110.1502026,U
31/12/2020,111.3181018,U
